{
	"class_name" : "PinholeCameraParameters",
	"extrinsic" : 
	[
		0.99431899300179116,
		0.021467336044774077,
		0.10425398620218275,
		0.0,
		-0.082976805839364218,
		-0.45713387230893515,
		0.88551875896591525,
		0.0,
		0.066667757188918694,
		-0.88913878347026287,
		-0.45275560060635411,
		0.0,
		-0.057288779436719395,
		0.76405263657687783,
		121.63261740175651,
		1.0
	],
	"intrinsic" : 
	{
		"height" : 948,
		"intrinsic_matrix" : 
		[
			820.99208278764786,
			0.0,
			0.0,
			0.0,
			820.99208278764786,
			0.0,
			959.5,
			473.5,
			1.0
		],
		"width" : 1920
	},
	"version_major" : 1,
	"version_minor" : 0
}